filename,object_location,image_small,image_thumb
89-1163.jpg,/objects/89-1163.jpg,/objects/small/89-1163_sm.jpg,/objects/thumbs/89-1163_th.jpg
89-1164.jpg,/objects/89-1164.jpg,/objects/small/89-1164_sm.jpg,/objects/thumbs/89-1164_th.jpg
89-1165.jpg,/objects/89-1165.jpg,/objects/small/89-1165_sm.jpg,/objects/thumbs/89-1165_th.jpg
89-1166.jpg,/objects/89-1166.jpg,/objects/small/89-1166_sm.jpg,/objects/thumbs/89-1166_th.jpg
89-1167.jpg,/objects/89-1167.jpg,/objects/small/89-1167_sm.jpg,/objects/thumbs/89-1167_th.jpg
89-1168.jpg,/objects/89-1168.jpg,/objects/small/89-1168_sm.jpg,/objects/thumbs/89-1168_th.jpg
89-1169.jpg,/objects/89-1169.jpg,/objects/small/89-1169_sm.jpg,/objects/thumbs/89-1169_th.jpg
89-1170.jpg,/objects/89-1170.jpg,/objects/small/89-1170_sm.jpg,/objects/thumbs/89-1170_th.jpg
89-1171.jpg,/objects/89-1171.jpg,/objects/small/89-1171_sm.jpg,/objects/thumbs/89-1171_th.jpg
89-1172.jpg,/objects/89-1172.jpg,/objects/small/89-1172_sm.jpg,/objects/thumbs/89-1172_th.jpg
89-1173.jpg,/objects/89-1173.jpg,/objects/small/89-1173_sm.jpg,/objects/thumbs/89-1173_th.jpg
89-1174.jpg,/objects/89-1174.jpg,/objects/small/89-1174_sm.jpg,/objects/thumbs/89-1174_th.jpg
89-1175.jpg,/objects/89-1175.jpg,/objects/small/89-1175_sm.jpg,/objects/thumbs/89-1175_th.jpg
89-1176.jpg,/objects/89-1176.jpg,/objects/small/89-1176_sm.jpg,/objects/thumbs/89-1176_th.jpg
89-1177.jpg,/objects/89-1177.jpg,/objects/small/89-1177_sm.jpg,/objects/thumbs/89-1177_th.jpg
89-1178.jpg,/objects/89-1178.jpg,/objects/small/89-1178_sm.jpg,/objects/thumbs/89-1178_th.jpg
89-1179.jpg,/objects/89-1179.jpg,/objects/small/89-1179_sm.jpg,/objects/thumbs/89-1179_th.jpg
89-1180.jpg,/objects/89-1180.jpg,/objects/small/89-1180_sm.jpg,/objects/thumbs/89-1180_th.jpg
89-1181.jpg,/objects/89-1181.jpg,/objects/small/89-1181_sm.jpg,/objects/thumbs/89-1181_th.jpg
89-1182.jpg,/objects/89-1182.jpg,/objects/small/89-1182_sm.jpg,/objects/thumbs/89-1182_th.jpg
89-1183.jpg,/objects/89-1183.jpg,/objects/small/89-1183_sm.jpg,/objects/thumbs/89-1183_th.jpg
89-1184.jpg,/objects/89-1184.jpg,/objects/small/89-1184_sm.jpg,/objects/thumbs/89-1184_th.jpg
89-1185.jpg,/objects/89-1185.jpg,/objects/small/89-1185_sm.jpg,/objects/thumbs/89-1185_th.jpg
89-1186.jpg,/objects/89-1186.jpg,/objects/small/89-1186_sm.jpg,/objects/thumbs/89-1186_th.jpg
89-1187.jpg,/objects/89-1187.jpg,/objects/small/89-1187_sm.jpg,/objects/thumbs/89-1187_th.jpg
89-1188.jpg,/objects/89-1188.jpg,/objects/small/89-1188_sm.jpg,/objects/thumbs/89-1188_th.jpg
89-1189.jpg,/objects/89-1189.jpg,/objects/small/89-1189_sm.jpg,/objects/thumbs/89-1189_th.jpg
89-1190.jpg,/objects/89-1190.jpg,/objects/small/89-1190_sm.jpg,/objects/thumbs/89-1190_th.jpg
89-1191.jpg,/objects/89-1191.jpg,/objects/small/89-1191_sm.jpg,/objects/thumbs/89-1191_th.jpg
89-1192.jpg,/objects/89-1192.jpg,/objects/small/89-1192_sm.jpg,/objects/thumbs/89-1192_th.jpg
89-1193.jpg,/objects/89-1193.jpg,/objects/small/89-1193_sm.jpg,/objects/thumbs/89-1193_th.jpg
89-1194.jpg,/objects/89-1194.jpg,/objects/small/89-1194_sm.jpg,/objects/thumbs/89-1194_th.jpg
89-1195.jpg,/objects/89-1195.jpg,/objects/small/89-1195_sm.jpg,/objects/thumbs/89-1195_th.jpg
89-1196.jpg,/objects/89-1196.jpg,/objects/small/89-1196_sm.jpg,/objects/thumbs/89-1196_th.jpg
89-1197.jpg,/objects/89-1197.jpg,/objects/small/89-1197_sm.jpg,/objects/thumbs/89-1197_th.jpg
89-1198.jpg,/objects/89-1198.jpg,/objects/small/89-1198_sm.jpg,/objects/thumbs/89-1198_th.jpg
89-1199.jpg,/objects/89-1199.jpg,/objects/small/89-1199_sm.jpg,/objects/thumbs/89-1199_th.jpg
89-1200.jpg,/objects/89-1200.jpg,/objects/small/89-1200_sm.jpg,/objects/thumbs/89-1200_th.jpg
89-1201.jpg,/objects/89-1201.jpg,/objects/small/89-1201_sm.jpg,/objects/thumbs/89-1201_th.jpg
89-1202.jpg,/objects/89-1202.jpg,/objects/small/89-1202_sm.jpg,/objects/thumbs/89-1202_th.jpg
89-1203.jpg,/objects/89-1203.jpg,/objects/small/89-1203_sm.jpg,/objects/thumbs/89-1203_th.jpg
89-1204.jpg,/objects/89-1204.jpg,/objects/small/89-1204_sm.jpg,/objects/thumbs/89-1204_th.jpg
89-1205.jpg,/objects/89-1205.jpg,/objects/small/89-1205_sm.jpg,/objects/thumbs/89-1205_th.jpg
89-1206.jpg,/objects/89-1206.jpg,/objects/small/89-1206_sm.jpg,/objects/thumbs/89-1206_th.jpg
89-1207.jpg,/objects/89-1207.jpg,/objects/small/89-1207_sm.jpg,/objects/thumbs/89-1207_th.jpg
89-1208.jpg,/objects/89-1208.jpg,/objects/small/89-1208_sm.jpg,/objects/thumbs/89-1208_th.jpg
89-1209.jpg,/objects/89-1209.jpg,/objects/small/89-1209_sm.jpg,/objects/thumbs/89-1209_th.jpg
89-1210.jpg,/objects/89-1210.jpg,/objects/small/89-1210_sm.jpg,/objects/thumbs/89-1210_th.jpg
89-1211.jpg,/objects/89-1211.jpg,/objects/small/89-1211_sm.jpg,/objects/thumbs/89-1211_th.jpg
89-1212.jpg,/objects/89-1212.jpg,/objects/small/89-1212_sm.jpg,/objects/thumbs/89-1212_th.jpg
89-1214.jpg,/objects/89-1214.jpg,/objects/small/89-1214_sm.jpg,/objects/thumbs/89-1214_th.jpg
89-1215.jpg,/objects/89-1215.jpg,/objects/small/89-1215_sm.jpg,/objects/thumbs/89-1215_th.jpg
89-1216.jpg,/objects/89-1216.jpg,/objects/small/89-1216_sm.jpg,/objects/thumbs/89-1216_th.jpg
89-1217.jpg,/objects/89-1217.jpg,/objects/small/89-1217_sm.jpg,/objects/thumbs/89-1217_th.jpg
89-1218.jpg,/objects/89-1218.jpg,/objects/small/89-1218_sm.jpg,/objects/thumbs/89-1218_th.jpg
89-1219.jpg,/objects/89-1219.jpg,/objects/small/89-1219_sm.jpg,/objects/thumbs/89-1219_th.jpg
89-1220.jpg,/objects/89-1220.jpg,/objects/small/89-1220_sm.jpg,/objects/thumbs/89-1220_th.jpg
89-1221.jpg,/objects/89-1221.jpg,/objects/small/89-1221_sm.jpg,/objects/thumbs/89-1221_th.jpg
89-1222.jpg,/objects/89-1222.jpg,/objects/small/89-1222_sm.jpg,/objects/thumbs/89-1222_th.jpg
89-1223.jpg,/objects/89-1223.jpg,/objects/small/89-1223_sm.jpg,/objects/thumbs/89-1223_th.jpg
89-1224.jpg,/objects/89-1224.jpg,/objects/small/89-1224_sm.jpg,/objects/thumbs/89-1224_th.jpg
89-1225.jpg,/objects/89-1225.jpg,/objects/small/89-1225_sm.jpg,/objects/thumbs/89-1225_th.jpg
89-1226.jpg,/objects/89-1226.jpg,/objects/small/89-1226_sm.jpg,/objects/thumbs/89-1226_th.jpg
89-1227.jpg,/objects/89-1227.jpg,/objects/small/89-1227_sm.jpg,/objects/thumbs/89-1227_th.jpg
89-1228.jpg,/objects/89-1228.jpg,/objects/small/89-1228_sm.jpg,/objects/thumbs/89-1228_th.jpg
89-1229.jpg,/objects/89-1229.jpg,/objects/small/89-1229_sm.jpg,/objects/thumbs/89-1229_th.jpg
89-1230.jpg,/objects/89-1230.jpg,/objects/small/89-1230_sm.jpg,/objects/thumbs/89-1230_th.jpg
89-1231.jpg,/objects/89-1231.jpg,/objects/small/89-1231_sm.jpg,/objects/thumbs/89-1231_th.jpg
89-1232.jpg,/objects/89-1232.jpg,/objects/small/89-1232_sm.jpg,/objects/thumbs/89-1232_th.jpg
89-1233.jpg,/objects/89-1233.jpg,/objects/small/89-1233_sm.jpg,/objects/thumbs/89-1233_th.jpg
89-1234.jpg,/objects/89-1234.jpg,/objects/small/89-1234_sm.jpg,/objects/thumbs/89-1234_th.jpg
89-1235.jpg,/objects/89-1235.jpg,/objects/small/89-1235_sm.jpg,/objects/thumbs/89-1235_th.jpg
89-1236.jpg,/objects/89-1236.jpg,/objects/small/89-1236_sm.jpg,/objects/thumbs/89-1236_th.jpg
89-1237.jpg,/objects/89-1237.jpg,/objects/small/89-1237_sm.jpg,/objects/thumbs/89-1237_th.jpg
89-1238.jpg,/objects/89-1238.jpg,/objects/small/89-1238_sm.jpg,/objects/thumbs/89-1238_th.jpg
89-1239.jpg,/objects/89-1239.jpg,/objects/small/89-1239_sm.jpg,/objects/thumbs/89-1239_th.jpg
89-1240.jpg,/objects/89-1240.jpg,/objects/small/89-1240_sm.jpg,/objects/thumbs/89-1240_th.jpg
89-1241.jpg,/objects/89-1241.jpg,/objects/small/89-1241_sm.jpg,/objects/thumbs/89-1241_th.jpg
89-1242.jpg,/objects/89-1242.jpg,/objects/small/89-1242_sm.jpg,/objects/thumbs/89-1242_th.jpg
89-1243.jpg,/objects/89-1243.jpg,/objects/small/89-1243_sm.jpg,/objects/thumbs/89-1243_th.jpg
cities103.jpg,/objects/cities103.jpg,/objects/small/cities103_sm.jpg,/objects/thumbs/cities103_th.jpg
cities1049.jpg,/objects/cities1049.jpg,/objects/small/cities1049_sm.jpg,/objects/thumbs/cities1049_th.jpg
cities1051.jpg,/objects/cities1051.jpg,/objects/small/cities1051_sm.jpg,/objects/thumbs/cities1051_th.jpg
cities1151.jpg,/objects/cities1151.jpg,/objects/small/cities1151_sm.jpg,/objects/thumbs/cities1151_th.jpg
cities1166.jpg,/objects/cities1166.jpg,/objects/small/cities1166_sm.jpg,/objects/thumbs/cities1166_th.jpg
cities1211.jpg,/objects/cities1211.jpg,/objects/small/cities1211_sm.jpg,/objects/thumbs/cities1211_th.jpg
cities1223.jpg,/objects/cities1223.jpg,/objects/small/cities1223_sm.jpg,/objects/thumbs/cities1223_th.jpg
cities1228.jpg,/objects/cities1228.jpg,/objects/small/cities1228_sm.jpg,/objects/thumbs/cities1228_th.jpg
cities128.jpg,/objects/cities128.jpg,/objects/small/cities128_sm.jpg,/objects/thumbs/cities128_th.jpg
cities133.jpg,/objects/cities133.jpg,/objects/small/cities133_sm.jpg,/objects/thumbs/cities133_th.jpg
cities144.jpg,/objects/cities144.jpg,/objects/small/cities144_sm.jpg,/objects/thumbs/cities144_th.jpg
cities148.jpg,/objects/cities148.jpg,/objects/small/cities148_sm.jpg,/objects/thumbs/cities148_th.jpg
cities166.jpg,/objects/cities166.jpg,/objects/small/cities166_sm.jpg,/objects/thumbs/cities166_th.jpg
cities167.jpg,/objects/cities167.jpg,/objects/small/cities167_sm.jpg,/objects/thumbs/cities167_th.jpg
cities180.jpg,/objects/cities180.jpg,/objects/small/cities180_sm.jpg,/objects/thumbs/cities180_th.jpg
cities191.jpg,/objects/cities191.jpg,/objects/small/cities191_sm.jpg,/objects/thumbs/cities191_th.jpg
cities201.jpg,/objects/cities201.jpg,/objects/small/cities201_sm.jpg,/objects/thumbs/cities201_th.jpg
cities207.jpg,/objects/cities207.jpg,/objects/small/cities207_sm.jpg,/objects/thumbs/cities207_th.jpg
cities224.jpg,/objects/cities224.jpg,/objects/small/cities224_sm.jpg,/objects/thumbs/cities224_th.jpg
cities233.jpg,/objects/cities233.jpg,/objects/small/cities233_sm.jpg,/objects/thumbs/cities233_th.jpg
cities234.jpg,/objects/cities234.jpg,/objects/small/cities234_sm.jpg,/objects/thumbs/cities234_th.jpg
cities27.jpg,/objects/cities27.jpg,/objects/small/cities27_sm.jpg,/objects/thumbs/cities27_th.jpg
cities277.jpg,/objects/cities277.jpg,/objects/small/cities277_sm.jpg,/objects/thumbs/cities277_th.jpg
cities279.jpg,/objects/cities279.jpg,/objects/small/cities279_sm.jpg,/objects/thumbs/cities279_th.jpg
cities28.jpg,/objects/cities28.jpg,/objects/small/cities28_sm.jpg,/objects/thumbs/cities28_th.jpg
cities280.jpg,/objects/cities280.jpg,/objects/small/cities280_sm.jpg,/objects/thumbs/cities280_th.jpg
cities281.jpg,/objects/cities281.jpg,/objects/small/cities281_sm.jpg,/objects/thumbs/cities281_th.jpg
cities282.jpg,/objects/cities282.jpg,/objects/small/cities282_sm.jpg,/objects/thumbs/cities282_th.jpg
cities299.jpg,/objects/cities299.jpg,/objects/small/cities299_sm.jpg,/objects/thumbs/cities299_th.jpg
cities303.jpg,/objects/cities303.jpg,/objects/small/cities303_sm.jpg,/objects/thumbs/cities303_th.jpg
cities308.jpg,/objects/cities308.jpg,/objects/small/cities308_sm.jpg,/objects/thumbs/cities308_th.jpg
cities31.jpg,/objects/cities31.jpg,/objects/small/cities31_sm.jpg,/objects/thumbs/cities31_th.jpg
cities313.jpg,/objects/cities313.jpg,/objects/small/cities313_sm.jpg,/objects/thumbs/cities313_th.jpg
cities32.jpg,/objects/cities32.jpg,/objects/small/cities32_sm.jpg,/objects/thumbs/cities32_th.jpg
cities323.jpg,/objects/cities323.jpg,/objects/small/cities323_sm.jpg,/objects/thumbs/cities323_th.jpg
cities325.jpg,/objects/cities325.jpg,/objects/small/cities325_sm.jpg,/objects/thumbs/cities325_th.jpg
cities33.jpg,/objects/cities33.jpg,/objects/small/cities33_sm.jpg,/objects/thumbs/cities33_th.jpg
cities336.jpg,/objects/cities336.jpg,/objects/small/cities336_sm.jpg,/objects/thumbs/cities336_th.jpg
cities346.jpg,/objects/cities346.jpg,/objects/small/cities346_sm.jpg,/objects/thumbs/cities346_th.jpg
cities349.jpg,/objects/cities349.jpg,/objects/small/cities349_sm.jpg,/objects/thumbs/cities349_th.jpg
cities35.jpg,/objects/cities35.jpg,/objects/small/cities35_sm.jpg,/objects/thumbs/cities35_th.jpg
cities351.jpg,/objects/cities351.jpg,/objects/small/cities351_sm.jpg,/objects/thumbs/cities351_th.jpg
cities352.jpg,/objects/cities352.jpg,/objects/small/cities352_sm.jpg,/objects/thumbs/cities352_th.jpg
cities355.jpg,/objects/cities355.jpg,/objects/small/cities355_sm.jpg,/objects/thumbs/cities355_th.jpg
cities36.jpg,/objects/cities36.jpg,/objects/small/cities36_sm.jpg,/objects/thumbs/cities36_th.jpg
cities360.jpg,/objects/cities360.jpg,/objects/small/cities360_sm.jpg,/objects/thumbs/cities360_th.jpg
cities361.jpg,/objects/cities361.jpg,/objects/small/cities361_sm.jpg,/objects/thumbs/cities361_th.jpg
cities364.jpg,/objects/cities364.jpg,/objects/small/cities364_sm.jpg,/objects/thumbs/cities364_th.jpg
cities368.jpg,/objects/cities368.jpg,/objects/small/cities368_sm.jpg,/objects/thumbs/cities368_th.jpg
cities37.jpg,/objects/cities37.jpg,/objects/small/cities37_sm.jpg,/objects/thumbs/cities37_th.jpg
cities370.jpg,/objects/cities370.jpg,/objects/small/cities370_sm.jpg,/objects/thumbs/cities370_th.jpg
cities376.jpg,/objects/cities376.jpg,/objects/small/cities376_sm.jpg,/objects/thumbs/cities376_th.jpg
cities387.jpg,/objects/cities387.jpg,/objects/small/cities387_sm.jpg,/objects/thumbs/cities387_th.jpg
cities391.jpg,/objects/cities391.jpg,/objects/small/cities391_sm.jpg,/objects/thumbs/cities391_th.jpg
cities395.jpg,/objects/cities395.jpg,/objects/small/cities395_sm.jpg,/objects/thumbs/cities395_th.jpg
cities397.jpg,/objects/cities397.jpg,/objects/small/cities397_sm.jpg,/objects/thumbs/cities397_th.jpg
cities399.jpg,/objects/cities399.jpg,/objects/small/cities399_sm.jpg,/objects/thumbs/cities399_th.jpg
cities40.jpg,/objects/cities40.jpg,/objects/small/cities40_sm.jpg,/objects/thumbs/cities40_th.jpg
cities400.jpg,/objects/cities400.jpg,/objects/small/cities400_sm.jpg,/objects/thumbs/cities400_th.jpg
cities401.jpg,/objects/cities401.jpg,/objects/small/cities401_sm.jpg,/objects/thumbs/cities401_th.jpg
cities402.jpg,/objects/cities402.jpg,/objects/small/cities402_sm.jpg,/objects/thumbs/cities402_th.jpg
cities404.jpg,/objects/cities404.jpg,/objects/small/cities404_sm.jpg,/objects/thumbs/cities404_th.jpg
cities419.jpg,/objects/cities419.jpg,/objects/small/cities419_sm.jpg,/objects/thumbs/cities419_th.jpg
cities42.jpg,/objects/cities42.jpg,/objects/small/cities42_sm.jpg,/objects/thumbs/cities42_th.jpg
cities432.jpg,/objects/cities432.jpg,/objects/small/cities432_sm.jpg,/objects/thumbs/cities432_th.jpg
cities448.jpg,/objects/cities448.jpg,/objects/small/cities448_sm.jpg,/objects/thumbs/cities448_th.jpg
cities449.jpg,/objects/cities449.jpg,/objects/small/cities449_sm.jpg,/objects/thumbs/cities449_th.jpg
cities45.jpg,/objects/cities45.jpg,/objects/small/cities45_sm.jpg,/objects/thumbs/cities45_th.jpg
cities455.jpg,/objects/cities455.jpg,/objects/small/cities455_sm.jpg,/objects/thumbs/cities455_th.jpg
cities461.jpg,/objects/cities461.jpg,/objects/small/cities461_sm.jpg,/objects/thumbs/cities461_th.jpg
cities462.jpg,/objects/cities462.jpg,/objects/small/cities462_sm.jpg,/objects/thumbs/cities462_th.jpg
cities463.jpg,/objects/cities463.jpg,/objects/small/cities463_sm.jpg,/objects/thumbs/cities463_th.jpg
cities464.jpg,/objects/cities464.jpg,/objects/small/cities464_sm.jpg,/objects/thumbs/cities464_th.jpg
cities465.jpg,/objects/cities465.jpg,/objects/small/cities465_sm.jpg,/objects/thumbs/cities465_th.jpg
cities466.jpg,/objects/cities466.jpg,/objects/small/cities466_sm.jpg,/objects/thumbs/cities466_th.jpg
cities468.jpg,/objects/cities468.jpg,/objects/small/cities468_sm.jpg,/objects/thumbs/cities468_th.jpg
cities490.jpg,/objects/cities490.jpg,/objects/small/cities490_sm.jpg,/objects/thumbs/cities490_th.jpg
cities520.jpg,/objects/cities520.jpg,/objects/small/cities520_sm.jpg,/objects/thumbs/cities520_th.jpg
cities523.jpg,/objects/cities523.jpg,/objects/small/cities523_sm.jpg,/objects/thumbs/cities523_th.jpg
cities524.jpg,/objects/cities524.jpg,/objects/small/cities524_sm.jpg,/objects/thumbs/cities524_th.jpg
cities525.jpg,/objects/cities525.jpg,/objects/small/cities525_sm.jpg,/objects/thumbs/cities525_th.jpg
cities533.jpg,/objects/cities533.jpg,/objects/small/cities533_sm.jpg,/objects/thumbs/cities533_th.jpg
cities534.jpg,/objects/cities534.jpg,/objects/small/cities534_sm.jpg,/objects/thumbs/cities534_th.jpg
cities543.jpg,/objects/cities543.jpg,/objects/small/cities543_sm.jpg,/objects/thumbs/cities543_th.jpg
cities545.jpg,/objects/cities545.jpg,/objects/small/cities545_sm.jpg,/objects/thumbs/cities545_th.jpg
cities548.jpg,/objects/cities548.jpg,/objects/small/cities548_sm.jpg,/objects/thumbs/cities548_th.jpg
cities564.jpg,/objects/cities564.jpg,/objects/small/cities564_sm.jpg,/objects/thumbs/cities564_th.jpg
cities568.jpg,/objects/cities568.jpg,/objects/small/cities568_sm.jpg,/objects/thumbs/cities568_th.jpg
cities586.jpg,/objects/cities586.jpg,/objects/small/cities586_sm.jpg,/objects/thumbs/cities586_th.jpg
cities587.jpg,/objects/cities587.jpg,/objects/small/cities587_sm.jpg,/objects/thumbs/cities587_th.jpg
cities59.jpg,/objects/cities59.jpg,/objects/small/cities59_sm.jpg,/objects/thumbs/cities59_th.jpg
cities601.jpg,/objects/cities601.jpg,/objects/small/cities601_sm.jpg,/objects/thumbs/cities601_th.jpg
cities604.jpg,/objects/cities604.jpg,/objects/small/cities604_sm.jpg,/objects/thumbs/cities604_th.jpg
cities607.jpg,/objects/cities607.jpg,/objects/small/cities607_sm.jpg,/objects/thumbs/cities607_th.jpg
cities609.jpg,/objects/cities609.jpg,/objects/small/cities609_sm.jpg,/objects/thumbs/cities609_th.jpg
cities61.jpg,/objects/cities61.jpg,/objects/small/cities61_sm.jpg,/objects/thumbs/cities61_th.jpg
cities610.jpg,/objects/cities610.jpg,/objects/small/cities610_sm.jpg,/objects/thumbs/cities610_th.jpg
cities611.jpg,/objects/cities611.jpg,/objects/small/cities611_sm.jpg,/objects/thumbs/cities611_th.jpg
cities613.jpg,/objects/cities613.jpg,/objects/small/cities613_sm.jpg,/objects/thumbs/cities613_th.jpg
cities616.jpg,/objects/cities616.jpg,/objects/small/cities616_sm.jpg,/objects/thumbs/cities616_th.jpg
cities620.jpg,/objects/cities620.jpg,/objects/small/cities620_sm.jpg,/objects/thumbs/cities620_th.jpg
cities621.jpg,/objects/cities621.jpg,/objects/small/cities621_sm.jpg,/objects/thumbs/cities621_th.jpg
cities622.jpg,/objects/cities622.jpg,/objects/small/cities622_sm.jpg,/objects/thumbs/cities622_th.jpg
cities625.jpg,/objects/cities625.jpg,/objects/small/cities625_sm.jpg,/objects/thumbs/cities625_th.jpg
cities626.jpg,/objects/cities626.jpg,/objects/small/cities626_sm.jpg,/objects/thumbs/cities626_th.jpg
cities627.jpg,/objects/cities627.jpg,/objects/small/cities627_sm.jpg,/objects/thumbs/cities627_th.jpg
cities634.jpg,/objects/cities634.jpg,/objects/small/cities634_sm.jpg,/objects/thumbs/cities634_th.jpg
cities64.jpg,/objects/cities64.jpg,/objects/small/cities64_sm.jpg,/objects/thumbs/cities64_th.jpg
cities66.jpg,/objects/cities66.jpg,/objects/small/cities66_sm.jpg,/objects/thumbs/cities66_th.jpg
cities660.jpg,/objects/cities660.jpg,/objects/small/cities660_sm.jpg,/objects/thumbs/cities660_th.jpg
cities662.jpg,/objects/cities662.jpg,/objects/small/cities662_sm.jpg,/objects/thumbs/cities662_th.jpg
cities664.jpg,/objects/cities664.jpg,/objects/small/cities664_sm.jpg,/objects/thumbs/cities664_th.jpg
cities665.jpg,/objects/cities665.jpg,/objects/small/cities665_sm.jpg,/objects/thumbs/cities665_th.jpg
cities666.jpg,/objects/cities666.jpg,/objects/small/cities666_sm.jpg,/objects/thumbs/cities666_th.jpg
cities669.jpg,/objects/cities669.jpg,/objects/small/cities669_sm.jpg,/objects/thumbs/cities669_th.jpg
cities671.jpg,/objects/cities671.jpg,/objects/small/cities671_sm.jpg,/objects/thumbs/cities671_th.jpg
cities672.jpg,/objects/cities672.jpg,/objects/small/cities672_sm.jpg,/objects/thumbs/cities672_th.jpg
cities674.jpg,/objects/cities674.jpg,/objects/small/cities674_sm.jpg,/objects/thumbs/cities674_th.jpg
cities675.jpg,/objects/cities675.jpg,/objects/small/cities675_sm.jpg,/objects/thumbs/cities675_th.jpg
cities676.jpg,/objects/cities676.jpg,/objects/small/cities676_sm.jpg,/objects/thumbs/cities676_th.jpg
cities677.jpg,/objects/cities677.jpg,/objects/small/cities677_sm.jpg,/objects/thumbs/cities677_th.jpg
cities678.jpg,/objects/cities678.jpg,/objects/small/cities678_sm.jpg,/objects/thumbs/cities678_th.jpg
cities679.jpg,/objects/cities679.jpg,/objects/small/cities679_sm.jpg,/objects/thumbs/cities679_th.jpg
cities680.jpg,/objects/cities680.jpg,/objects/small/cities680_sm.jpg,/objects/thumbs/cities680_th.jpg
cities682.jpg,/objects/cities682.jpg,/objects/small/cities682_sm.jpg,/objects/thumbs/cities682_th.jpg
cities683.jpg,/objects/cities683.jpg,/objects/small/cities683_sm.jpg,/objects/thumbs/cities683_th.jpg
cities687.jpg,/objects/cities687.jpg,/objects/small/cities687_sm.jpg,/objects/thumbs/cities687_th.jpg
cities688.jpg,/objects/cities688.jpg,/objects/small/cities688_sm.jpg,/objects/thumbs/cities688_th.jpg
cities69.jpg,/objects/cities69.jpg,/objects/small/cities69_sm.jpg,/objects/thumbs/cities69_th.jpg
cities70.jpg,/objects/cities70.jpg,/objects/small/cities70_sm.jpg,/objects/thumbs/cities70_th.jpg
cities712.jpg,/objects/cities712.jpg,/objects/small/cities712_sm.jpg,/objects/thumbs/cities712_th.jpg
cities720.jpg,/objects/cities720.jpg,/objects/small/cities720_sm.jpg,/objects/thumbs/cities720_th.jpg
cities723.jpg,/objects/cities723.jpg,/objects/small/cities723_sm.jpg,/objects/thumbs/cities723_th.jpg
cities727.jpg,/objects/cities727.jpg,/objects/small/cities727_sm.jpg,/objects/thumbs/cities727_th.jpg
cities73.jpg,/objects/cities73.jpg,/objects/small/cities73_sm.jpg,/objects/thumbs/cities73_th.jpg
cities737.jpg,/objects/cities737.jpg,/objects/small/cities737_sm.jpg,/objects/thumbs/cities737_th.jpg
cities742.jpg,/objects/cities742.jpg,/objects/small/cities742_sm.jpg,/objects/thumbs/cities742_th.jpg
cities743.jpg,/objects/cities743.jpg,/objects/small/cities743_sm.jpg,/objects/thumbs/cities743_th.jpg
cities744.jpg,/objects/cities744.jpg,/objects/small/cities744_sm.jpg,/objects/thumbs/cities744_th.jpg
cities747.jpg,/objects/cities747.jpg,/objects/small/cities747_sm.jpg,/objects/thumbs/cities747_th.jpg
cities748.jpg,/objects/cities748.jpg,/objects/small/cities748_sm.jpg,/objects/thumbs/cities748_th.jpg
cities749.jpg,/objects/cities749.jpg,/objects/small/cities749_sm.jpg,/objects/thumbs/cities749_th.jpg
cities75.jpg,/objects/cities75.jpg,/objects/small/cities75_sm.jpg,/objects/thumbs/cities75_th.jpg
cities752.jpg,/objects/cities752.jpg,/objects/small/cities752_sm.jpg,/objects/thumbs/cities752_th.jpg
cities753.jpg,/objects/cities753.jpg,/objects/small/cities753_sm.jpg,/objects/thumbs/cities753_th.jpg
cities754.jpg,/objects/cities754.jpg,/objects/small/cities754_sm.jpg,/objects/thumbs/cities754_th.jpg
cities755.jpg,/objects/cities755.jpg,/objects/small/cities755_sm.jpg,/objects/thumbs/cities755_th.jpg
cities759.jpg,/objects/cities759.jpg,/objects/small/cities759_sm.jpg,/objects/thumbs/cities759_th.jpg
cities760.jpg,/objects/cities760.jpg,/objects/small/cities760_sm.jpg,/objects/thumbs/cities760_th.jpg
cities761.jpg,/objects/cities761.jpg,/objects/small/cities761_sm.jpg,/objects/thumbs/cities761_th.jpg
cities764.jpg,/objects/cities764.jpg,/objects/small/cities764_sm.jpg,/objects/thumbs/cities764_th.jpg
cities794.jpg,/objects/cities794.jpg,/objects/small/cities794_sm.jpg,/objects/thumbs/cities794_th.jpg
cities795.jpg,/objects/cities795.jpg,/objects/small/cities795_sm.jpg,/objects/thumbs/cities795_th.jpg
cities798.jpg,/objects/cities798.jpg,/objects/small/cities798_sm.jpg,/objects/thumbs/cities798_th.jpg
cities804.jpg,/objects/cities804.jpg,/objects/small/cities804_sm.jpg,/objects/thumbs/cities804_th.jpg
cities809.jpg,/objects/cities809.jpg,/objects/small/cities809_sm.jpg,/objects/thumbs/cities809_th.jpg
cities81.jpg,/objects/cities81.jpg,/objects/small/cities81_sm.jpg,/objects/thumbs/cities81_th.jpg
cities811.jpg,/objects/cities811.jpg,/objects/small/cities811_sm.jpg,/objects/thumbs/cities811_th.jpg
cities813.jpg,/objects/cities813.jpg,/objects/small/cities813_sm.jpg,/objects/thumbs/cities813_th.jpg
cities827.jpg,/objects/cities827.jpg,/objects/small/cities827_sm.jpg,/objects/thumbs/cities827_th.jpg
cities830.jpg,/objects/cities830.jpg,/objects/small/cities830_sm.jpg,/objects/thumbs/cities830_th.jpg
cities839.jpg,/objects/cities839.jpg,/objects/small/cities839_sm.jpg,/objects/thumbs/cities839_th.jpg
cities84.jpg,/objects/cities84.jpg,/objects/small/cities84_sm.jpg,/objects/thumbs/cities84_th.jpg
cities842.jpg,/objects/cities842.jpg,/objects/small/cities842_sm.jpg,/objects/thumbs/cities842_th.jpg
cities844.jpg,/objects/cities844.jpg,/objects/small/cities844_sm.jpg,/objects/thumbs/cities844_th.jpg
cities846.jpg,/objects/cities846.jpg,/objects/small/cities846_sm.jpg,/objects/thumbs/cities846_th.jpg
cities850.jpg,/objects/cities850.jpg,/objects/small/cities850_sm.jpg,/objects/thumbs/cities850_th.jpg
cities851.jpg,/objects/cities851.jpg,/objects/small/cities851_sm.jpg,/objects/thumbs/cities851_th.jpg
cities868.jpg,/objects/cities868.jpg,/objects/small/cities868_sm.jpg,/objects/thumbs/cities868_th.jpg
cities869.jpg,/objects/cities869.jpg,/objects/small/cities869_sm.jpg,/objects/thumbs/cities869_th.jpg
cities87.jpg,/objects/cities87.jpg,/objects/small/cities87_sm.jpg,/objects/thumbs/cities87_th.jpg
cities870.jpg,/objects/cities870.jpg,/objects/small/cities870_sm.jpg,/objects/thumbs/cities870_th.jpg
cities872.jpg,/objects/cities872.jpg,/objects/small/cities872_sm.jpg,/objects/thumbs/cities872_th.jpg
cities875.jpg,/objects/cities875.jpg,/objects/small/cities875_sm.jpg,/objects/thumbs/cities875_th.jpg
cities876.jpg,/objects/cities876.jpg,/objects/small/cities876_sm.jpg,/objects/thumbs/cities876_th.jpg
cities877.jpg,/objects/cities877.jpg,/objects/small/cities877_sm.jpg,/objects/thumbs/cities877_th.jpg
cities880.jpg,/objects/cities880.jpg,/objects/small/cities880_sm.jpg,/objects/thumbs/cities880_th.jpg
cities882.jpg,/objects/cities882.jpg,/objects/small/cities882_sm.jpg,/objects/thumbs/cities882_th.jpg
cities886.jpg,/objects/cities886.jpg,/objects/small/cities886_sm.jpg,/objects/thumbs/cities886_th.jpg
cities888.jpg,/objects/cities888.jpg,/objects/small/cities888_sm.jpg,/objects/thumbs/cities888_th.jpg
cities89.jpg,/objects/cities89.jpg,/objects/small/cities89_sm.jpg,/objects/thumbs/cities89_th.jpg
cities891.jpg,/objects/cities891.jpg,/objects/small/cities891_sm.jpg,/objects/thumbs/cities891_th.jpg
cities892.jpg,/objects/cities892.jpg,/objects/small/cities892_sm.jpg,/objects/thumbs/cities892_th.jpg
cities893.jpg,/objects/cities893.jpg,/objects/small/cities893_sm.jpg,/objects/thumbs/cities893_th.jpg
cities897.jpg,/objects/cities897.jpg,/objects/small/cities897_sm.jpg,/objects/thumbs/cities897_th.jpg
cities916.jpg,/objects/cities916.jpg,/objects/small/cities916_sm.jpg,/objects/thumbs/cities916_th.jpg
cities917.jpg,/objects/cities917.jpg,/objects/small/cities917_sm.jpg,/objects/thumbs/cities917_th.jpg
cities918.jpg,/objects/cities918.jpg,/objects/small/cities918_sm.jpg,/objects/thumbs/cities918_th.jpg
cities919.jpg,/objects/cities919.jpg,/objects/small/cities919_sm.jpg,/objects/thumbs/cities919_th.jpg
cities920.jpg,/objects/cities920.jpg,/objects/small/cities920_sm.jpg,/objects/thumbs/cities920_th.jpg
cities927.jpg,/objects/cities927.jpg,/objects/small/cities927_sm.jpg,/objects/thumbs/cities927_th.jpg
cities930.jpg,/objects/cities930.jpg,/objects/small/cities930_sm.jpg,/objects/thumbs/cities930_th.jpg
cities931.jpg,/objects/cities931.jpg,/objects/small/cities931_sm.jpg,/objects/thumbs/cities931_th.jpg
cities932.jpg,/objects/cities932.jpg,/objects/small/cities932_sm.jpg,/objects/thumbs/cities932_th.jpg
cities933.jpg,/objects/cities933.jpg,/objects/small/cities933_sm.jpg,/objects/thumbs/cities933_th.jpg
cities935.jpg,/objects/cities935.jpg,/objects/small/cities935_sm.jpg,/objects/thumbs/cities935_th.jpg
cities936.jpg,/objects/cities936.jpg,/objects/small/cities936_sm.jpg,/objects/thumbs/cities936_th.jpg
cities937.jpg,/objects/cities937.jpg,/objects/small/cities937_sm.jpg,/objects/thumbs/cities937_th.jpg
cities938.jpg,/objects/cities938.jpg,/objects/small/cities938_sm.jpg,/objects/thumbs/cities938_th.jpg
cities939.jpg,/objects/cities939.jpg,/objects/small/cities939_sm.jpg,/objects/thumbs/cities939_th.jpg
cities941.jpg,/objects/cities941.jpg,/objects/small/cities941_sm.jpg,/objects/thumbs/cities941_th.jpg
cities946.jpg,/objects/cities946.jpg,/objects/small/cities946_sm.jpg,/objects/thumbs/cities946_th.jpg
cities947.jpg,/objects/cities947.jpg,/objects/small/cities947_sm.jpg,/objects/thumbs/cities947_th.jpg
cities948.jpg,/objects/cities948.jpg,/objects/small/cities948_sm.jpg,/objects/thumbs/cities948_th.jpg
cities95.jpg,/objects/cities95.jpg,/objects/small/cities95_sm.jpg,/objects/thumbs/cities95_th.jpg
cities97.jpg,/objects/cities97.jpg,/objects/small/cities97_sm.jpg,/objects/thumbs/cities97_th.jpg
cities974.jpg,/objects/cities974.jpg,/objects/small/cities974_sm.jpg,/objects/thumbs/cities974_th.jpg
cities98.jpg,/objects/cities98.jpg,/objects/small/cities98_sm.jpg,/objects/thumbs/cities98_th.jpg
cities985.jpg,/objects/cities985.jpg,/objects/small/cities985_sm.jpg,/objects/thumbs/cities985_th.jpg
cities986.jpg,/objects/cities986.jpg,/objects/small/cities986_sm.jpg,/objects/thumbs/cities986_th.jpg
cities987.jpg,/objects/cities987.jpg,/objects/small/cities987_sm.jpg,/objects/thumbs/cities987_th.jpg
cities988.jpg,/objects/cities988.jpg,/objects/small/cities988_sm.jpg,/objects/thumbs/cities988_th.jpg
cities993.jpg,/objects/cities993.jpg,/objects/small/cities993_sm.jpg,/objects/thumbs/cities993_th.jpg
cities994.jpg,/objects/cities994.jpg,/objects/small/cities994_sm.jpg,/objects/thumbs/cities994_th.jpg
mg101_b6_f7_miscellanious_negatives_010.jpg,/objects/mg101_b6_f7_miscellanious_negatives_010.jpg,/objects/small/mg101_b6_f7_miscellanious_negatives_010_sm.jpg,/objects/thumbs/mg101_b6_f7_miscellanious_negatives_010_th.jpg
mg101_b6_f7_miscellanious_negatives_012.jpg,/objects/mg101_b6_f7_miscellanious_negatives_012.jpg,/objects/small/mg101_b6_f7_miscellanious_negatives_012_sm.jpg,/objects/thumbs/mg101_b6_f7_miscellanious_negatives_012_th.jpg
mg101_b6_f7_miscellanious_negatives_014.jpg,/objects/mg101_b6_f7_miscellanious_negatives_014.jpg,/objects/small/mg101_b6_f7_miscellanious_negatives_014_sm.jpg,/objects/thumbs/mg101_b6_f7_miscellanious_negatives_014_th.jpg
mg101_b6_frank_robinson_negatives_009.jpg,/objects/mg101_b6_frank_robinson_negatives_009.jpg,/objects/small/mg101_b6_frank_robinson_negatives_009_sm.jpg,/objects/thumbs/mg101_b6_frank_robinson_negatives_009_th.jpg
mg101_b6_photographs_01.jpg,/objects/mg101_b6_photographs_01.jpg,/objects/small/mg101_b6_photographs_01_sm.jpg,/objects/thumbs/mg101_b6_photographs_01_th.jpg
mg101_b6_photographs_02.jpg,/objects/mg101_b6_photographs_02.jpg,/objects/small/mg101_b6_photographs_02_sm.jpg,/objects/thumbs/mg101_b6_photographs_02_th.jpg
mg101_b6_photographs_03.jpg,/objects/mg101_b6_photographs_03.jpg,/objects/small/mg101_b6_photographs_03_sm.jpg,/objects/thumbs/mg101_b6_photographs_03_th.jpg
mg101_b6_photographs_04.jpg,/objects/mg101_b6_photographs_04.jpg,/objects/small/mg101_b6_photographs_04_sm.jpg,/objects/thumbs/mg101_b6_photographs_04_th.jpg
mg101_b6_photographs_05.jpg,/objects/mg101_b6_photographs_05.jpg,/objects/small/mg101_b6_photographs_05_sm.jpg,/objects/thumbs/mg101_b6_photographs_05_th.jpg
mg101_b6_photographs_06.jpg,/objects/mg101_b6_photographs_06.jpg,/objects/small/mg101_b6_photographs_06_sm.jpg,/objects/thumbs/mg101_b6_photographs_06_th.jpg
mg101_b6_photographs_07.jpg,/objects/mg101_b6_photographs_07.jpg,/objects/small/mg101_b6_photographs_07_sm.jpg,/objects/thumbs/mg101_b6_photographs_07_th.jpg
mg101_b6_photographs_08.jpg,/objects/mg101_b6_photographs_08.jpg,/objects/small/mg101_b6_photographs_08_sm.jpg,/objects/thumbs/mg101_b6_photographs_08_th.jpg
mg101_b6_photographs_26.jpg,/objects/mg101_b6_photographs_26.jpg,/objects/small/mg101_b6_photographs_26_sm.jpg,/objects/thumbs/mg101_b6_photographs_26_th.jpg
mg101_b6_psychiana_photographs_001.jpg,/objects/mg101_b6_psychiana_photographs_001.jpg,/objects/small/mg101_b6_psychiana_photographs_001_sm.jpg,/objects/thumbs/mg101_b6_psychiana_photographs_001_th.jpg
mg101_b6_psychiana_photographs_002.jpg,/objects/mg101_b6_psychiana_photographs_002.jpg,/objects/small/mg101_b6_psychiana_photographs_002_sm.jpg,/objects/thumbs/mg101_b6_psychiana_photographs_002_th.jpg
mg101_b6_psychiana_photographs_003.jpg,/objects/mg101_b6_psychiana_photographs_003.jpg,/objects/small/mg101_b6_psychiana_photographs_003_sm.jpg,/objects/thumbs/mg101_b6_psychiana_photographs_003_th.jpg
mg101_b6_psychiana_photographs_010.jpg,/objects/mg101_b6_psychiana_photographs_010.jpg,/objects/small/mg101_b6_psychiana_photographs_010_sm.jpg,/objects/thumbs/mg101_b6_psychiana_photographs_010_th.jpg
mg101_b6_psychiana_photographs_011.jpg,/objects/mg101_b6_psychiana_photographs_011.jpg,/objects/small/mg101_b6_psychiana_photographs_011_sm.jpg,/objects/thumbs/mg101_b6_psychiana_photographs_011_th.jpg
mg101_b6_psychiana_photographs_012.jpg,/objects/mg101_b6_psychiana_photographs_012.jpg,/objects/small/mg101_b6_psychiana_photographs_012_sm.jpg,/objects/thumbs/mg101_b6_psychiana_photographs_012_th.jpg
mg101_b6_psychiana_photographs_015.jpg,/objects/mg101_b6_psychiana_photographs_015.jpg,/objects/small/mg101_b6_psychiana_photographs_015_sm.jpg,/objects/thumbs/mg101_b6_psychiana_photographs_015_th.jpg
mg101_b6_psychiana_photographs_017.jpg,/objects/mg101_b6_psychiana_photographs_017.jpg,/objects/small/mg101_b6_psychiana_photographs_017_sm.jpg,/objects/thumbs/mg101_b6_psychiana_photographs_017_th.jpg
mg101_b6_psychiana_photographs_018a.jpg,/objects/mg101_b6_psychiana_photographs_018a.jpg,/objects/small/mg101_b6_psychiana_photographs_018a_sm.jpg,/objects/thumbs/mg101_b6_psychiana_photographs_018a_th.jpg
mg101_b6_psychiana_photographs_019.jpg,/objects/mg101_b6_psychiana_photographs_019.jpg,/objects/small/mg101_b6_psychiana_photographs_019_sm.jpg,/objects/thumbs/mg101_b6_psychiana_photographs_019_th.jpg
mg101_b6_psychiana_photographs_021.jpg,/objects/mg101_b6_psychiana_photographs_021.jpg,/objects/small/mg101_b6_psychiana_photographs_021_sm.jpg,/objects/thumbs/mg101_b6_psychiana_photographs_021_th.jpg
mg101_b6_psychiana_photographs_028.jpg,/objects/mg101_b6_psychiana_photographs_028.jpg,/objects/small/mg101_b6_psychiana_photographs_028_sm.jpg,/objects/thumbs/mg101_b6_psychiana_photographs_028_th.jpg
mg101_b6_psychiana_photographs_035.jpg,/objects/mg101_b6_psychiana_photographs_035.jpg,/objects/small/mg101_b6_psychiana_photographs_035_sm.jpg,/objects/thumbs/mg101_b6_psychiana_photographs_035_th.jpg
mg101_b6_psychiana_photographs_037b.jpg,/objects/mg101_b6_psychiana_photographs_037b.jpg,/objects/small/mg101_b6_psychiana_photographs_037b_sm.jpg,/objects/thumbs/mg101_b6_psychiana_photographs_037b_th.jpg
mg101_b6_psychiana_photographs_038.jpg,/objects/mg101_b6_psychiana_photographs_038.jpg,/objects/small/mg101_b6_psychiana_photographs_038_sm.jpg,/objects/thumbs/mg101_b6_psychiana_photographs_038_th.jpg
mg101_b6_psychiana_photographs_039.jpg,/objects/mg101_b6_psychiana_photographs_039.jpg,/objects/small/mg101_b6_psychiana_photographs_039_sm.jpg,/objects/thumbs/mg101_b6_psychiana_photographs_039_th.jpg
mg101_b6_psychiana_photographs_040.jpg,/objects/mg101_b6_psychiana_photographs_040.jpg,/objects/small/mg101_b6_psychiana_photographs_040_sm.jpg,/objects/thumbs/mg101_b6_psychiana_photographs_040_th.jpg
mg101_b6_robinson_friends_008.jpg,/objects/mg101_b6_robinson_friends_008.jpg,/objects/small/mg101_b6_robinson_friends_008_sm.jpg,/objects/thumbs/mg101_b6_robinson_friends_008_th.jpg
mg101_b6_robinson_friends_015.jpg,/objects/mg101_b6_robinson_friends_015.jpg,/objects/small/mg101_b6_robinson_friends_015_sm.jpg,/objects/thumbs/mg101_b6_robinson_friends_015_th.jpg
pg_9_01_03.jpg,/objects/pg_9_01_03.jpg,/objects/small/pg_9_01_03_sm.jpg,/objects/thumbs/pg_9_01_03_th.jpg
pg_9_01_04h.jpg,/objects/pg_9_01_04h.jpg,/objects/small/pg_9_01_04h_sm.jpg,/objects/thumbs/pg_9_01_04h_th.jpg
pg_9_01_04h_b.jpg,/objects/pg_9_01_04h_b.jpg,/objects/small/pg_9_01_04h_b_sm.jpg,/objects/thumbs/pg_9_01_04h_b_th.jpg
pg_9_01_04i.jpg,/objects/pg_9_01_04i.jpg,/objects/small/pg_9_01_04i_sm.jpg,/objects/thumbs/pg_9_01_04i_th.jpg
pg_9_01_04i_b.jpg,/objects/pg_9_01_04i_b.jpg,/objects/small/pg_9_01_04i_b_sm.jpg,/objects/thumbs/pg_9_01_04i_b_th.jpg
pg_9_01_04j.jpg,/objects/pg_9_01_04j.jpg,/objects/small/pg_9_01_04j_sm.jpg,/objects/thumbs/pg_9_01_04j_th.jpg
pg_9_01_04j_b.jpg,/objects/pg_9_01_04j_b.jpg,/objects/small/pg_9_01_04j_b_sm.jpg,/objects/thumbs/pg_9_01_04j_b_th.jpg
pg_9_01_06d.jpg,/objects/pg_9_01_06d.jpg,/objects/small/pg_9_01_06d_sm.jpg,/objects/thumbs/pg_9_01_06d_th.jpg
pg_9_01_06d_b.jpg,/objects/pg_9_01_06d_b.jpg,/objects/small/pg_9_01_06d_b_sm.jpg,/objects/thumbs/pg_9_01_06d_b_th.jpg
pg_9_01_08b.jpg,/objects/pg_9_01_08b.jpg,/objects/small/pg_9_01_08b_sm.jpg,/objects/thumbs/pg_9_01_08b_th.jpg
pg_9_01_08t.jpg,/objects/pg_9_01_08t.jpg,/objects/small/pg_9_01_08t_sm.jpg,/objects/thumbs/pg_9_01_08t_th.jpg
pg_9_01_08t_b.jpg,/objects/pg_9_01_08t_b.jpg,/objects/small/pg_9_01_08t_b_sm.jpg,/objects/thumbs/pg_9_01_08t_b_th.jpg
pg_9_01_08u.jpg,/objects/pg_9_01_08u.jpg,/objects/small/pg_9_01_08u_sm.jpg,/objects/thumbs/pg_9_01_08u_th.jpg
pg_9_01_08u_b.jpg,/objects/pg_9_01_08u_b.jpg,/objects/small/pg_9_01_08u_b_sm.jpg,/objects/thumbs/pg_9_01_08u_b_th.jpg
pg_9_01_08y.jpg,/objects/pg_9_01_08y.jpg,/objects/small/pg_9_01_08y_sm.jpg,/objects/thumbs/pg_9_01_08y_th.jpg
pg_9_01_08y_b.jpg,/objects/pg_9_01_08y_b.jpg,/objects/small/pg_9_01_08y_b_sm.jpg,/objects/thumbs/pg_9_01_08y_b_th.jpg
pg_9_01_09.jpg,/objects/pg_9_01_09.jpg,/objects/small/pg_9_01_09_sm.jpg,/objects/thumbs/pg_9_01_09_th.jpg
pg_9_01_10a.jpg,/objects/pg_9_01_10a.jpg,/objects/small/pg_9_01_10a_sm.jpg,/objects/thumbs/pg_9_01_10a_th.jpg
pg_9_01_10a_b.jpg,/objects/pg_9_01_10a_b.jpg,/objects/small/pg_9_01_10a_b_sm.jpg,/objects/thumbs/pg_9_01_10a_b_th.jpg
pg_9_01_12c.jpg,/objects/pg_9_01_12c.jpg,/objects/small/pg_9_01_12c_sm.jpg,/objects/thumbs/pg_9_01_12c_th.jpg
pg_9_01_12c_b.jpg,/objects/pg_9_01_12c_b.jpg,/objects/small/pg_9_01_12c_b_sm.jpg,/objects/thumbs/pg_9_01_12c_b_th.jpg
pg_9_01_19a.jpg,/objects/pg_9_01_19a.jpg,/objects/small/pg_9_01_19a_sm.jpg,/objects/thumbs/pg_9_01_19a_th.jpg
pg_9_01_19a_b.jpg,/objects/pg_9_01_19a_b.jpg,/objects/small/pg_9_01_19a_b_sm.jpg,/objects/thumbs/pg_9_01_19a_b_th.jpg
pg_9_01_20a.jpg,/objects/pg_9_01_20a.jpg,/objects/small/pg_9_01_20a_sm.jpg,/objects/thumbs/pg_9_01_20a_th.jpg
pg_9_01_20a_b.jpg,/objects/pg_9_01_20a_b.jpg,/objects/small/pg_9_01_20a_b_sm.jpg,/objects/thumbs/pg_9_01_20a_b_th.jpg
pg_9_01_21a.jpg,/objects/pg_9_01_21a.jpg,/objects/small/pg_9_01_21a_sm.jpg,/objects/thumbs/pg_9_01_21a_th.jpg
pg_9_01_21a_b.jpg,/objects/pg_9_01_21a_b.jpg,/objects/small/pg_9_01_21a_b_sm.jpg,/objects/thumbs/pg_9_01_21a_b_th.jpg
pg_9_01_30a.jpg,/objects/pg_9_01_30a.jpg,/objects/small/pg_9_01_30a_sm.jpg,/objects/thumbs/pg_9_01_30a_th.jpg
pg_9_01_30a_b.jpg,/objects/pg_9_01_30a_b.jpg,/objects/small/pg_9_01_30a_b_sm.jpg,/objects/thumbs/pg_9_01_30a_b_th.jpg
pg_9_01_30b.jpg,/objects/pg_9_01_30b.jpg,/objects/small/pg_9_01_30b_sm.jpg,/objects/thumbs/pg_9_01_30b_th.jpg
pg_9_01_30b_b.jpg,/objects/pg_9_01_30b_b.jpg,/objects/small/pg_9_01_30b_b_sm.jpg,/objects/thumbs/pg_9_01_30b_b_th.jpg
pg_9_02_01.jpg,/objects/pg_9_02_01.jpg,/objects/small/pg_9_02_01_sm.jpg,/objects/thumbs/pg_9_02_01_th.jpg
pg_9_03_04.jpg,/objects/pg_9_03_04.jpg,/objects/small/pg_9_03_04_sm.jpg,/objects/thumbs/pg_9_03_04_th.jpg
pg_9_05_02b.jpg,/objects/pg_9_05_02b.jpg,/objects/small/pg_9_05_02b_sm.jpg,/objects/thumbs/pg_9_05_02b_th.jpg
pg_9_05_02b_b.jpg,/objects/pg_9_05_02b_b.jpg,/objects/small/pg_9_05_02b_b_sm.jpg,/objects/thumbs/pg_9_05_02b_b_th.jpg
pg_9_06_03a.jpg,/objects/pg_9_06_03a.jpg,/objects/small/pg_9_06_03a_sm.jpg,/objects/thumbs/pg_9_06_03a_th.jpg
pg_9_06_04b.jpg,/objects/pg_9_06_04b.jpg,/objects/small/pg_9_06_04b_sm.jpg,/objects/thumbs/pg_9_06_04b_th.jpg
pg_9_06_08f.jpg,/objects/pg_9_06_08f.jpg,/objects/small/pg_9_06_08f_sm.jpg,/objects/thumbs/pg_9_06_08f_th.jpg
pg_9_06_08f_b.jpg,/objects/pg_9_06_08f_b.jpg,/objects/small/pg_9_06_08f_b_sm.jpg,/objects/thumbs/pg_9_06_08f_b_th.jpg
pg_9_06_09a.jpg,/objects/pg_9_06_09a.jpg,/objects/small/pg_9_06_09a_sm.jpg,/objects/thumbs/pg_9_06_09a_th.jpg
pg_9_06_09a_b.jpg,/objects/pg_9_06_09a_b.jpg,/objects/small/pg_9_06_09a_b_sm.jpg,/objects/thumbs/pg_9_06_09a_b_th.jpg
pg_9_06_15b.jpg,/objects/pg_9_06_15b.jpg,/objects/small/pg_9_06_15b_sm.jpg,/objects/thumbs/pg_9_06_15b_th.jpg
pg_9_06_15b_b.jpg,/objects/pg_9_06_15b_b.jpg,/objects/small/pg_9_06_15b_b_sm.jpg,/objects/thumbs/pg_9_06_15b_b_th.jpg
pg_9_06_17a.jpg,/objects/pg_9_06_17a.jpg,/objects/small/pg_9_06_17a_sm.jpg,/objects/thumbs/pg_9_06_17a_th.jpg
pg_9_06_17a_b.jpg,/objects/pg_9_06_17a_b.jpg,/objects/small/pg_9_06_17a_b_sm.jpg,/objects/thumbs/pg_9_06_17a_b_th.jpg
pg_9_06_18a.jpg,/objects/pg_9_06_18a.jpg,/objects/small/pg_9_06_18a_sm.jpg,/objects/thumbs/pg_9_06_18a_th.jpg
pg_9_06_18a_b.jpg,/objects/pg_9_06_18a_b.jpg,/objects/small/pg_9_06_18a_b_sm.jpg,/objects/thumbs/pg_9_06_18a_b_th.jpg
pg_9_08_01.jpg,/objects/pg_9_08_01.jpg,/objects/small/pg_9_08_01_sm.jpg,/objects/thumbs/pg_9_08_01_th.jpg
pg_9_09_07b.jpg,/objects/pg_9_09_07b.jpg,/objects/small/pg_9_09_07b_sm.jpg,/objects/thumbs/pg_9_09_07b_th.jpg
pg_9_09_07b_b.jpg,/objects/pg_9_09_07b_b.jpg,/objects/small/pg_9_09_07b_b_sm.jpg,/objects/thumbs/pg_9_09_07b_b_th.jpg
pg_9_09_08a.jpg,/objects/pg_9_09_08a.jpg,/objects/small/pg_9_09_08a_sm.jpg,/objects/thumbs/pg_9_09_08a_th.jpg
pg_9_09_08a_b.jpg,/objects/pg_9_09_08a_b.jpg,/objects/small/pg_9_09_08a_b_sm.jpg,/objects/thumbs/pg_9_09_08a_b_th.jpg
pg_9_09_09a.jpg,/objects/pg_9_09_09a.jpg,/objects/small/pg_9_09_09a_sm.jpg,/objects/thumbs/pg_9_09_09a_th.jpg
pg_9_09_09a_b.jpg,/objects/pg_9_09_09a_b.jpg,/objects/small/pg_9_09_09a_b_sm.jpg,/objects/thumbs/pg_9_09_09a_b_th.jpg
pg_9_09_11a.jpg,/objects/pg_9_09_11a.jpg,/objects/small/pg_9_09_11a_sm.jpg,/objects/thumbs/pg_9_09_11a_th.jpg
pg_9_09_11a_b.jpg,/objects/pg_9_09_11a_b.jpg,/objects/small/pg_9_09_11a_b_sm.jpg,/objects/thumbs/pg_9_09_11a_b_th.jpg
pg_9_09_13a.jpg,/objects/pg_9_09_13a.jpg,/objects/small/pg_9_09_13a_sm.jpg,/objects/thumbs/pg_9_09_13a_th.jpg
pg_9_09_13a_b.jpg,/objects/pg_9_09_13a_b.jpg,/objects/small/pg_9_09_13a_b_sm.jpg,/objects/thumbs/pg_9_09_13a_b_th.jpg
pg_9_09_14a.jpg,/objects/pg_9_09_14a.jpg,/objects/small/pg_9_09_14a_sm.jpg,/objects/thumbs/pg_9_09_14a_th.jpg
pg_9_09_14a_b.jpg,/objects/pg_9_09_14a_b.jpg,/objects/small/pg_9_09_14a_b_sm.jpg,/objects/thumbs/pg_9_09_14a_b_th.jpg
pg_9_10_03.jpg,/objects/pg_9_10_03.jpg,/objects/small/pg_9_10_03_sm.jpg,/objects/thumbs/pg_9_10_03_th.jpg
pg_9_10_03_b.jpg,/objects/pg_9_10_03_b.jpg,/objects/small/pg_9_10_03_b_sm.jpg,/objects/thumbs/pg_9_10_03_b_th.jpg
pg_9_10_06.jpg,/objects/pg_9_10_06.jpg,/objects/small/pg_9_10_06_sm.jpg,/objects/thumbs/pg_9_10_06_th.jpg
pg_9_10_06_b.jpg,/objects/pg_9_10_06_b.jpg,/objects/small/pg_9_10_06_b_sm.jpg,/objects/thumbs/pg_9_10_06_b_th.jpg
pg_9_11_01a.jpg,/objects/pg_9_11_01a.jpg,/objects/small/pg_9_11_01a_sm.jpg,/objects/thumbs/pg_9_11_01a_th.jpg
pg_9_12_01bi.jpg,/objects/pg_9_12_01bi.jpg,/objects/small/pg_9_12_01bi_sm.jpg,/objects/thumbs/pg_9_12_01bi_th.jpg
pg_9_12_01bi_b.jpg,/objects/pg_9_12_01bi_b.jpg,/objects/small/pg_9_12_01bi_b_sm.jpg,/objects/thumbs/pg_9_12_01bi_b_th.jpg
pg_9_12_01bq.jpg,/objects/pg_9_12_01bq.jpg,/objects/small/pg_9_12_01bq_sm.jpg,/objects/thumbs/pg_9_12_01bq_th.jpg
pg_9_12_01bq_b.jpg,/objects/pg_9_12_01bq_b.jpg,/objects/small/pg_9_12_01bq_b_sm.jpg,/objects/thumbs/pg_9_12_01bq_b_th.jpg
pg_9_12_01bs.jpg,/objects/pg_9_12_01bs.jpg,/objects/small/pg_9_12_01bs_sm.jpg,/objects/thumbs/pg_9_12_01bs_th.jpg
pg_9_12_01bs_b.jpg,/objects/pg_9_12_01bs_b.jpg,/objects/small/pg_9_12_01bs_b_sm.jpg,/objects/thumbs/pg_9_12_01bs_b_th.jpg
pg_9_12_01bt.jpg,/objects/pg_9_12_01bt.jpg,/objects/small/pg_9_12_01bt_sm.jpg,/objects/thumbs/pg_9_12_01bt_th.jpg
pg_9_12_01bt_b.jpg,/objects/pg_9_12_01bt_b.jpg,/objects/small/pg_9_12_01bt_b_sm.jpg,/objects/thumbs/pg_9_12_01bt_b_th.jpg
pg_9_12_01j.jpg,/objects/pg_9_12_01j.jpg,/objects/small/pg_9_12_01j_sm.jpg,/objects/thumbs/pg_9_12_01j_th.jpg
pg_9_12_01k.jpg,/objects/pg_9_12_01k.jpg,/objects/small/pg_9_12_01k_sm.jpg,/objects/thumbs/pg_9_12_01k_th.jpg
pg_9_12_01l.jpg,/objects/pg_9_12_01l.jpg,/objects/small/pg_9_12_01l_sm.jpg,/objects/thumbs/pg_9_12_01l_th.jpg
pg_9_12_01l_b.jpg,/objects/pg_9_12_01l_b.jpg,/objects/small/pg_9_12_01l_b_sm.jpg,/objects/thumbs/pg_9_12_01l_b_th.jpg
pg_9_12_01m.jpg,/objects/pg_9_12_01m.jpg,/objects/small/pg_9_12_01m_sm.jpg,/objects/thumbs/pg_9_12_01m_th.jpg
pg_9_12_01m_b.jpg,/objects/pg_9_12_01m_b.jpg,/objects/small/pg_9_12_01m_b_sm.jpg,/objects/thumbs/pg_9_12_01m_b_th.jpg
pg_9_14_01.jpg,/objects/pg_9_14_01.jpg,/objects/small/pg_9_14_01_sm.jpg,/objects/thumbs/pg_9_14_01_th.jpg
pg_9_14_02.jpg,/objects/pg_9_14_02.jpg,/objects/small/pg_9_14_02_sm.jpg,/objects/thumbs/pg_9_14_02_th.jpg
pg_9_14_12a.jpg,/objects/pg_9_14_12a.jpg,/objects/small/pg_9_14_12a_sm.jpg,/objects/thumbs/pg_9_14_12a_th.jpg
pg_9_14_12a_b.jpg,/objects/pg_9_14_12a_b.jpg,/objects/small/pg_9_14_12a_b_sm.jpg,/objects/thumbs/pg_9_14_12a_b_th.jpg
pg_9_16_01.jpg,/objects/pg_9_16_01.jpg,/objects/small/pg_9_16_01_sm.jpg,/objects/thumbs/pg_9_16_01_th.jpg
pg_9_16_01a.jpg,/objects/pg_9_16_01a.jpg,/objects/small/pg_9_16_01a_sm.jpg,/objects/thumbs/pg_9_16_01a_th.jpg
pg_9_16_01a_b.jpg,/objects/pg_9_16_01a_b.jpg,/objects/small/pg_9_16_01a_b_sm.jpg,/objects/thumbs/pg_9_16_01a_b_th.jpg
pg_9_16_01b.jpg,/objects/pg_9_16_01b.jpg,/objects/small/pg_9_16_01b_sm.jpg,/objects/thumbs/pg_9_16_01b_th.jpg
pg_9_16_01b_b.jpg,/objects/pg_9_16_01b_b.jpg,/objects/small/pg_9_16_01b_b_sm.jpg,/objects/thumbs/pg_9_16_01b_b_th.jpg
pg_9_17_02.jpg,/objects/pg_9_17_02.jpg,/objects/small/pg_9_17_02_sm.jpg,/objects/thumbs/pg_9_17_02_th.jpg
pg_9_17_05a.jpg,/objects/pg_9_17_05a.jpg,/objects/small/pg_9_17_05a_sm.jpg,/objects/thumbs/pg_9_17_05a_th.jpg
pg_9_17_06a.jpg,/objects/pg_9_17_06a.jpg,/objects/small/pg_9_17_06a_sm.jpg,/objects/thumbs/pg_9_17_06a_th.jpg
pg_9_17_06a_b.jpg,/objects/pg_9_17_06a_b.jpg,/objects/small/pg_9_17_06a_b_sm.jpg,/objects/thumbs/pg_9_17_06a_b_th.jpg
pg_9_17_08a.jpg,/objects/pg_9_17_08a.jpg,/objects/small/pg_9_17_08a_sm.jpg,/objects/thumbs/pg_9_17_08a_th.jpg
pg_9_17_08a_b.jpg,/objects/pg_9_17_08a_b.jpg,/objects/small/pg_9_17_08a_b_sm.jpg,/objects/thumbs/pg_9_17_08a_b_th.jpg
pg_9_17_13a.jpg,/objects/pg_9_17_13a.jpg,/objects/small/pg_9_17_13a_sm.jpg,/objects/thumbs/pg_9_17_13a_th.jpg
pg_9_17_15a.jpg,/objects/pg_9_17_15a.jpg,/objects/small/pg_9_17_15a_sm.jpg,/objects/thumbs/pg_9_17_15a_th.jpg
pg_9_19_01.jpg,/objects/pg_9_19_01.jpg,/objects/small/pg_9_19_01_sm.jpg,/objects/thumbs/pg_9_19_01_th.jpg
pg_9_19_02a.jpg,/objects/pg_9_19_02a.jpg,/objects/small/pg_9_19_02a_sm.jpg,/objects/thumbs/pg_9_19_02a_th.jpg
pg_9_200_01.jpg,/objects/pg_9_200_01.jpg,/objects/small/pg_9_200_01_sm.jpg,/objects/thumbs/pg_9_200_01_th.jpg
pg_9_201_01.jpg,/objects/pg_9_201_01.jpg,/objects/small/pg_9_201_01_sm.jpg,/objects/thumbs/pg_9_201_01_th.jpg
pg_9_20_01b.jpg,/objects/pg_9_20_01b.jpg,/objects/small/pg_9_20_01b_sm.jpg,/objects/thumbs/pg_9_20_01b_th.jpg
pg_9_20_01g.jpg,/objects/pg_9_20_01g.jpg,/objects/small/pg_9_20_01g_sm.jpg,/objects/thumbs/pg_9_20_01g_th.jpg
pg_9_21_01a.jpg,/objects/pg_9_21_01a.jpg,/objects/small/pg_9_21_01a_sm.jpg,/objects/thumbs/pg_9_21_01a_th.jpg
pg_9_21_01a_b.jpg,/objects/pg_9_21_01a_b.jpg,/objects/small/pg_9_21_01a_b_sm.jpg,/objects/thumbs/pg_9_21_01a_b_th.jpg
pg_9_21_02a.jpg,/objects/pg_9_21_02a.jpg,/objects/small/pg_9_21_02a_sm.jpg,/objects/thumbs/pg_9_21_02a_th.jpg
pg_9_21_03a.jpg,/objects/pg_9_21_03a.jpg,/objects/small/pg_9_21_03a_sm.jpg,/objects/thumbs/pg_9_21_03a_th.jpg
pg_9_22_01.jpg,/objects/pg_9_22_01.jpg,/objects/small/pg_9_22_01_sm.jpg,/objects/thumbs/pg_9_22_01_th.jpg
pg_9_22_02.jpg,/objects/pg_9_22_02.jpg,/objects/small/pg_9_22_02_sm.jpg,/objects/thumbs/pg_9_22_02_th.jpg
pg_9_24_02a.jpg,/objects/pg_9_24_02a.jpg,/objects/small/pg_9_24_02a_sm.jpg,/objects/thumbs/pg_9_24_02a_th.jpg
pg_9_25_04.jpg,/objects/pg_9_25_04.jpg,/objects/small/pg_9_25_04_sm.jpg,/objects/thumbs/pg_9_25_04_th.jpg
pg_9_25_05.jpg,/objects/pg_9_25_05.jpg,/objects/small/pg_9_25_05_sm.jpg,/objects/thumbs/pg_9_25_05_th.jpg
pg_9_25_07.jpg,/objects/pg_9_25_07.jpg,/objects/small/pg_9_25_07_sm.jpg,/objects/thumbs/pg_9_25_07_th.jpg
pg_9_25_09.jpg,/objects/pg_9_25_09.jpg,/objects/small/pg_9_25_09_sm.jpg,/objects/thumbs/pg_9_25_09_th.jpg
pg_9_25_12.jpg,/objects/pg_9_25_12.jpg,/objects/small/pg_9_25_12_sm.jpg,/objects/thumbs/pg_9_25_12_th.jpg
pg_9_26_01.jpg,/objects/pg_9_26_01.jpg,/objects/small/pg_9_26_01_sm.jpg,/objects/thumbs/pg_9_26_01_th.jpg
pg_9_29_02d.jpg,/objects/pg_9_29_02d.jpg,/objects/small/pg_9_29_02d_sm.jpg,/objects/thumbs/pg_9_29_02d_th.jpg
pg_9_29_02e.jpg,/objects/pg_9_29_02e.jpg,/objects/small/pg_9_29_02e_sm.jpg,/objects/thumbs/pg_9_29_02e_th.jpg
pg_9_30_01.jpg,/objects/pg_9_30_01.jpg,/objects/small/pg_9_30_01_sm.jpg,/objects/thumbs/pg_9_30_01_th.jpg
pg_9_324_01a.jpg,/objects/pg_9_324_01a.jpg,/objects/small/pg_9_324_01a_sm.jpg,/objects/thumbs/pg_9_324_01a_th.jpg
pg_9_327_02.jpg,/objects/pg_9_327_02.jpg,/objects/small/pg_9_327_02_sm.jpg,/objects/thumbs/pg_9_327_02_th.jpg
pg_9_327_03.jpg,/objects/pg_9_327_03.jpg,/objects/small/pg_9_327_03_sm.jpg,/objects/thumbs/pg_9_327_03_th.jpg
pg_9_327_04.jpg,/objects/pg_9_327_04.jpg,/objects/small/pg_9_327_04_sm.jpg,/objects/thumbs/pg_9_327_04_th.jpg
pg_9_327_05.jpg,/objects/pg_9_327_05.jpg,/objects/small/pg_9_327_05_sm.jpg,/objects/thumbs/pg_9_327_05_th.jpg
pg_9_327_06.jpg,/objects/pg_9_327_06.jpg,/objects/small/pg_9_327_06_sm.jpg,/objects/thumbs/pg_9_327_06_th.jpg
pg_9_327_07.jpg,/objects/pg_9_327_07.jpg,/objects/small/pg_9_327_07_sm.jpg,/objects/thumbs/pg_9_327_07_th.jpg
pg_9_327_08.jpg,/objects/pg_9_327_08.jpg,/objects/small/pg_9_327_08_sm.jpg,/objects/thumbs/pg_9_327_08_th.jpg
pg_9_327_10.jpg,/objects/pg_9_327_10.jpg,/objects/small/pg_9_327_10_sm.jpg,/objects/thumbs/pg_9_327_10_th.jpg
pg_9_59_01.jpg,/objects/pg_9_59_01.jpg,/objects/small/pg_9_59_01_sm.jpg,/objects/thumbs/pg_9_59_01_th.jpg
pg_9_75_01b.jpg,/objects/pg_9_75_01b.jpg,/objects/small/pg_9_75_01b_sm.jpg,/objects/thumbs/pg_9_75_01b_th.jpg
pg_9_76_02.jpg,/objects/pg_9_76_02.jpg,/objects/small/pg_9_76_02_sm.jpg,/objects/thumbs/pg_9_76_02_th.jpg
pg_9_93_01a.jpg,/objects/pg_9_93_01a.jpg,/objects/small/pg_9_93_01a_sm.jpg,/objects/thumbs/pg_9_93_01a_th.jpg
postcard_023.jpg,/objects/postcard_023.jpg,/objects/small/postcard_023_sm.jpg,/objects/thumbs/postcard_023_th.jpg
postcard_023b.jpg,/objects/postcard_023b.jpg,/objects/small/postcard_023b_sm.jpg,/objects/thumbs/postcard_023b_th.jpg
postcard_024.jpg,/objects/postcard_024.jpg,/objects/small/postcard_024_sm.jpg,/objects/thumbs/postcard_024_th.jpg
postcard_024b.jpg,/objects/postcard_024b.jpg,/objects/small/postcard_024b_sm.jpg,/objects/thumbs/postcard_024b_th.jpg
postcard_026.jpg,/objects/postcard_026.jpg,/objects/small/postcard_026_sm.jpg,/objects/thumbs/postcard_026_th.jpg
postcard_026b.jpg,/objects/postcard_026b.jpg,/objects/small/postcard_026b_sm.jpg,/objects/thumbs/postcard_026b_th.jpg
postcard_028.jpg,/objects/postcard_028.jpg,/objects/small/postcard_028_sm.jpg,/objects/thumbs/postcard_028_th.jpg
postcard_028b.jpg,/objects/postcard_028b.jpg,/objects/small/postcard_028b_sm.jpg,/objects/thumbs/postcard_028b_th.jpg
postcard_030.jpg,/objects/postcard_030.jpg,/objects/small/postcard_030_sm.jpg,/objects/thumbs/postcard_030_th.jpg
postcard_030b.jpg,/objects/postcard_030b.jpg,/objects/small/postcard_030b_sm.jpg,/objects/thumbs/postcard_030b_th.jpg
postcard_032.jpg,/objects/postcard_032.jpg,/objects/small/postcard_032_sm.jpg,/objects/thumbs/postcard_032_th.jpg
postcard_032b.jpg,/objects/postcard_032b.jpg,/objects/small/postcard_032b_sm.jpg,/objects/thumbs/postcard_032b_th.jpg
postcard_038.jpg,/objects/postcard_038.jpg,/objects/small/postcard_038_sm.jpg,/objects/thumbs/postcard_038_th.jpg
postcard_038b.jpg,/objects/postcard_038b.jpg,/objects/small/postcard_038b_sm.jpg,/objects/thumbs/postcard_038b_th.jpg
postcard_040.jpg,/objects/postcard_040.jpg,/objects/small/postcard_040_sm.jpg,/objects/thumbs/postcard_040_th.jpg
postcard_040b.jpg,/objects/postcard_040b.jpg,/objects/small/postcard_040b_sm.jpg,/objects/thumbs/postcard_040b_th.jpg
postcard_041.jpg,/objects/postcard_041.jpg,/objects/small/postcard_041_sm.jpg,/objects/thumbs/postcard_041_th.jpg
postcard_041b.jpg,/objects/postcard_041b.jpg,/objects/small/postcard_041b_sm.jpg,/objects/thumbs/postcard_041b_th.jpg
postcard_042.jpg,/objects/postcard_042.jpg,/objects/small/postcard_042_sm.jpg,/objects/thumbs/postcard_042_th.jpg
postcard_042b.jpg,/objects/postcard_042b.jpg,/objects/small/postcard_042b_sm.jpg,/objects/thumbs/postcard_042b_th.jpg
postcard_043.jpg,/objects/postcard_043.jpg,/objects/small/postcard_043_sm.jpg,/objects/thumbs/postcard_043_th.jpg
postcard_043b.jpg,/objects/postcard_043b.jpg,/objects/small/postcard_043b_sm.jpg,/objects/thumbs/postcard_043b_th.jpg
postcard_044.jpg,/objects/postcard_044.jpg,/objects/small/postcard_044_sm.jpg,/objects/thumbs/postcard_044_th.jpg
postcard_044b.jpg,/objects/postcard_044b.jpg,/objects/small/postcard_044b_sm.jpg,/objects/thumbs/postcard_044b_th.jpg
postcard_045.jpg,/objects/postcard_045.jpg,/objects/small/postcard_045_sm.jpg,/objects/thumbs/postcard_045_th.jpg
postcard_045b.jpg,/objects/postcard_045b.jpg,/objects/small/postcard_045b_sm.jpg,/objects/thumbs/postcard_045b_th.jpg
postcard_053.jpg,/objects/postcard_053.jpg,/objects/small/postcard_053_sm.jpg,/objects/thumbs/postcard_053_th.jpg
postcard_053b.jpg,/objects/postcard_053b.jpg,/objects/small/postcard_053b_sm.jpg,/objects/thumbs/postcard_053b_th.jpg
postcard_054.jpg,/objects/postcard_054.jpg,/objects/small/postcard_054_sm.jpg,/objects/thumbs/postcard_054_th.jpg
postcard_054b.jpg,/objects/postcard_054b.jpg,/objects/small/postcard_054b_sm.jpg,/objects/thumbs/postcard_054b_th.jpg
postcard_055.jpg,/objects/postcard_055.jpg,/objects/small/postcard_055_sm.jpg,/objects/thumbs/postcard_055_th.jpg
postcard_055b.jpg,/objects/postcard_055b.jpg,/objects/small/postcard_055b_sm.jpg,/objects/thumbs/postcard_055b_th.jpg
postcard_056.jpg,/objects/postcard_056.jpg,/objects/small/postcard_056_sm.jpg,/objects/thumbs/postcard_056_th.jpg
postcard_056b.jpg,/objects/postcard_056b.jpg,/objects/small/postcard_056b_sm.jpg,/objects/thumbs/postcard_056b_th.jpg
postcard_060.jpg,/objects/postcard_060.jpg,/objects/small/postcard_060_sm.jpg,/objects/thumbs/postcard_060_th.jpg
postcard_060b.jpg,/objects/postcard_060b.jpg,/objects/small/postcard_060b_sm.jpg,/objects/thumbs/postcard_060b_th.jpg
postcard_061.jpg,/objects/postcard_061.jpg,/objects/small/postcard_061_sm.jpg,/objects/thumbs/postcard_061_th.jpg
postcard_061b.jpg,/objects/postcard_061b.jpg,/objects/small/postcard_061b_sm.jpg,/objects/thumbs/postcard_061b_th.jpg
postcard_062.jpg,/objects/postcard_062.jpg,/objects/small/postcard_062_sm.jpg,/objects/thumbs/postcard_062_th.jpg
postcard_062b.jpg,/objects/postcard_062b.jpg,/objects/small/postcard_062b_sm.jpg,/objects/thumbs/postcard_062b_th.jpg
